SerialNo,Candidate,Constituency,Party,CriminalCases,Education,Assest,Liabilities
1,A M Ariff,ALAPPUZHA,CPI(M),2,Graduate Professional,"Rs 1,52,68,906","Rs 22,20,700, "
2,A Narayanaswamy,CHITRADURGA,BJP,,Graduate,"Rs 9,61,97,642","Rs 0, "
3,A. Raja,NILGIRIS,DMK,6,Graduate Professional,"Rs 4,95,91,024","Rs 14,24,914, "
4,Abdul Khaleque,BARPETA,INC,,Post Graduate,"Rs 73,98,753","Rs 27,03,693, "
5,Abhishek Banerjee,DIAMOND HARBOUR,AITC,,Graduate,"Rs 1,37,94,320","Rs 0, "
6,Abu Hasem Khan Chowdhury,MALDAHA DAKSHIN,INC,,Doctorate,"Rs 27,09,59,520","Rs 7,28,107, "
7,Abu Taher Khan,MURSHIDABAD,AITC,3,8th Pass,"Rs 89,26,616","Rs 13,50,000, "
8,Achyutananda Samanta,KANDHAMAL,BJD,,Doctorate,"Rs 12,44,722","Rs 0, "
9,Adala Prabhakara Reddy,NELLORE,YSRCP,,12th Pass,"Rs 2,21,16,63,364","Rs 15,22,81,255, "
10,Adhir Ranjan Chowdhury,BAHARAMPUR,INC,7,10th Pass,"Rs 10,13,15,437","Rs 85,06,984, "
11,Adoor Prakash,ATTINGAL,INC,7,Graduate Professional,"Rs 14,40,98,612","Rs 2,76,22,685, "
12,Afzal Ansari,GHAZIPUR,BSP,5,Post Graduate,"Rs 13,79,38,756","Rs 0, "
13,Agatha K. Sangma,TURA,NPP,,Post Graduate,"Rs 2,94,06,813","Rs 0, "
14,Ajay Bhatt,NAINITAL-UDHAMSINGH NAGAR,BJP,,Graduate Professional,"Rs 1,96,99,529","Rs 0, "
15,Ajay Kumar,KHERI,BJP,1,Graduate Professional,"Rs 4,52,95,455","Rs 0, "
16,Ajay Kumar Mandal,BHAGALPUR,JD(U),,8th Pass,"Rs 68,01,126","Rs 53,64,747, "
17,Ajay Nishad,MUZAFFARPUR,BJP,1,Graduate,"Rs 29,88,67,486","Rs 1,57,14,320, "
18,Ajay Singh Dharmendra Deol (Sunny Deol),GURDASPUR,BJP,,Others,"Rs 87,19,25,679","Rs 53,46,44,785, "
19,Ajay Tamta,ALMORA,BJP,,12th Pass,"Rs 99,10,448","Rs 55,845, "
20,Akhilesh Yadav,AZAMGARH,SP,,Graduate Professional,"Rs 37,78,59,166","Rs 28,53,000, "
21,Akshayabar Lal,BAHRAICH,BJP,,10th Pass,"Rs 4,56,91,463","Rs 30,28,133, "
22,Amar Singh,FATEHGARH SAHIB,INC,,Post Graduate,"Rs 3,28,08,836","Rs 0, "
23,Amit Shah,GANDHINAGAR,BJP,4,12th Pass,"Rs 40,32,75,307","Rs 47,69,587, "
24,Amol Ramsing Kolhe,SHIRUR,NCP,,Graduate Professional,"Rs 4,33,51,521","Rs 14,88,116, "
25,Anantkumar Hegde,UTTARA KANNADA,BJP,4,12th Pass,"Rs 8,47,55,455","Rs 4,10,16,655, "
26,Angadi Suresh,BELGAUM,BJP,,Graduate Professional,"Rs 36,61,64,525","Rs 19,84,79,638, "
27,Anil Firojiya,UJJAIN,BJP,,12th Pass,"Rs 2,64,17,937","Rs 32,03,766, "
28,Annadurai C N,TIRUVANNAMALAI,DMK,,Graduate,"Rs 13,48,97,466","Rs 3,22,43,604, "
29,Annapurna Devi,KODARMA,BJP,,Post Graduate,"Rs 9,76,36,939","Rs 31,89,066, "
30,Annasaheb Shankar Jolle,CHIKKODI,BJP,,12th Pass,"Rs 34,49,22,831","Rs 19,55,95,693, "
31,Anto Antony,PATHANAMTHITTA,INC,1,Graduate,"Rs 60,75,876","Rs 77,23,227, "
32,Anubhav Mohanty,KENDRAPARA,BJD,,Graduate,"Rs 2,23,09,172","Rs 41,33,506, "
33,Anumula Revanth Reddy,MALKAJGIRI,INC,42,Graduate,"Rs 24,53,57,182","Rs 2,78,07,304, "
34,Anupriya Singh Patel,MIRZAPUR,Apna Dal (Soneylal),2,Post Graduate,"Rs 2,69,00,662","Rs 18,05,603, "
35,Anurag Sharma,JHANSI,BJP,,Post Graduate,"Rs 1,24,30,60,113","Rs 1,42,12,970, "
36,Anurag Singh Thakur,HAMIRPUR,BJP,3,Graduate,"Rs 5,67,70,463","Rs 10,85,145, "
37,Aparajita Sarangi,BHUBANESWAR,BJP,,Graduate,"Rs 3,16,77,600","Rs 43,29,959, "
38,Aparupa Poddar (Afrin Ali),ARAMBAG,AITC,1,Post Graduate,"Rs 1,25,27,597","Rs 42,44,000, "
39,Arjun Munda,KHUNTI,BJP,,12th Pass,"Rs 9,15,07,865","Rs 2,71,06,434, "
40,Arjun Ram Meghwal,BIKANER,BJP,,Post Graduate,"Rs 2,35,24,459","Rs 10,60,314, "
41,Arjun Singh,BARRACKPUR,BJP,24,10th Pass,"Rs 80,55,691","Rs 11,00,000, "
42,Arjunlal Meena,UDAIPUR,BJP,,Post Graduate,"Rs 4,81,96,946","Rs 1,56,02,872, "
43,Arun Kumar Sagar,SHAHJAHANPUR,BJP,1,12th Pass,"Rs 4,34,48,049","Rs 11,79,697, "
44,Arun Sao,BILASPUR,BJP,,Graduate Professional,"Rs 1,35,44,588","Rs 50,000, "
45,Arvind Kumar Sharma,ROHTAK,BJP,,Post Graduate,"Rs 4,10,79,284","Rs 1,67,78,090, "
46,Arvind Sawant,MUMBAI SOUTH,SHS,1,Graduate,"Rs 2,71,81,577","Rs 0, "
47,Asaduddin Owaisi,HYDERABAD,AIMIM,5,Graduate Professional,"Rs 17,90,44,376","Rs 12,05,00,000, "
48,Ashok Kumar,MISRIKH,BJP,,Post Graduate,"Rs 4,87,71,207","Rs 57,35,470, "
49,Ashok Kumar Yadav,MADHUBANI,BJP,1,Doctorate,"Rs 4,66,99,125","Rs 78,92,847, "
50,Ashok Mahadevrao Nete,GADCHIROLI CHIMUR,BJP,,12th Pass,"Rs 5,01,36,369","Rs 1,56,82,840, "
51,Ashwini Kumar Choubey,BUXAR,BJP,3,Graduate,"Rs 4,01,83,612","Rs 13,50,667, "
52,Asit Kumar Mal,BOLPUR,AITC,,10th Pass,"Rs 13,10,691","Rs 0, "
53,Atul Kumar Singh,GHOSI,BSP,13,Graduate,"Rs 6,65,36,025","Rs 34,54,591, "
54,B.B.Patil,ZAHIRABAD,TRS,18,Graduate,"Rs 1,28,78,51,556","Rs 1,15,35,000, "
55,B.N.Bache Gowda,CHIKKBALLAPUR,BJP,,Graduate Professional,"Rs 1,15,35,01,141","Rs 0, "
56,B.Y.Raghavendra,SHIMOGA,BJP,2,Graduate,"Rs 67,40,93,851","Rs 1,41,50,647, "
57,Baalu.T.R.,SRIPERUMBUDUR,DMK,,Graduate,"Rs 20,88,06,446","Rs 0, "
58,Babul Supriya Baral,ASANSOL,BJP,4,Graduate,"Rs 5,92,34,826","Rs 57,22,184, "
59,Badruddin Ajmal,DHUBRI,AIUDF,7,Post Graduate,"Rs 78,80,64,044","Rs 1,01,59,381, "
60,Baidyanath Prasad Mahto,VALMIKI NAGAR,JD(U),4,10th Pass,"Rs 1,79,34,888","Rs 29,15,945, "
61,Balashowry Vallabhaneni,MACHILIPATNAM,YSRCP,2,Post Graduate,"Rs 99,05,75,840","Rs 74,63,10,844, "
62,Balli Durgaprasad Rao,TIRUPATI,YSRCP,,Graduate Professional,"Rs 1,74,26,921","Rs 0, "
63,Bandi Sanjay Kumar,KARIMNAGAR,BJP,6,Post Graduate,"Rs 22,70,000","Rs 13,41,800, "
64,Bandyopadhyay Sudip,KOLKATA UTTAR,AITC,2,Graduate Professional,"Rs 6,11,76,355","Rs 0, "
65,Bapu Rao Soyam,ADILABAD,BJP,52,12th Pass,"Rs 30,99,414","Rs 2,31,450, "
66,Basanta Kumar Panda,KALAHANDI,BJP,3,12th Pass,"Rs 95,47,000","Rs 0, "
67,Bellana Chandra Sekhar,VIZIANAGARAM,YSRCP,4,Graduate Professional,"Rs 2,10,35,766","Rs 1,11,30,148, "
68,Benny Behanan,CHALAKUDY,INC,4,Graduate,"Rs 2,04,61,931","Rs 9,15,938, "
69,Bhagirath Chaudhary,AJMER,BJP,,12th Pass,"Rs 8,51,01,774","Rs 83,19,942, "
70,Bhagwant Mann,SANGRUR,AAP,,12th Pass,"Rs 1,64,27,274","Rs 0, "
71,Bhagwanth Khuba,BIDAR,BJP,1,Graduate Professional,"Rs 5,18,36,416","Rs 1,02,39,000, "
72,Bhanu Pratap Singh,JALAUN,BJP,1,Post Graduate,"Rs 1,06,99,516","Rs 12,265, "
73,Bharti Pawar,DINDORI,BJP,,Graduate Professional,"Rs 12,28,85,349","Rs 14,49,572, "
74,Bhartruhari Mahtab,CUTTACK,BJD,,Post Graduate,"Rs 10,68,94,976","Rs 0, "
75,Bhavana Pundlikrao Gawali,YAVATMAL WASHIM,SHS,3,Graduate,"Rs 9,68,73,189","Rs 73,96,250, "
76,Bhola Singh,BULANDSHAHR,BJP,1,Graduate,"Rs 1,87,28,861","Rs 0, "
77,Bholanath (B.P. Saroj),MACHHLISHAHR,BJP,,Graduate,"Rs 25,90,27,394","Rs 1,11,94,163, "
78,Bhonsle Shrimant Chhatrapati Udayanraje Pratapasinh Maharaj,SATARA,NCP,8,12th Pass,"Rs 1,99,68,13,173","Rs 1,23,40,338, "
79,Bidyut Baran Mahato,JAMSHEDPUR,BJP,3,12th Pass,"Rs 2,77,50,671","Rs 29,61,830, "
80,Bishweswar Tudu,MAYURBHANJ,BJP,1,10th Pass,"Rs 27,42,000","Rs 4,00,000, "
81,Brij Bhushan Sharan Singh,KAISERGANJ,BJP,4,Graduate Professional,"Rs 9,89,05,402","Rs 6,15,24,736, "
82,Brijendra Singh,HISAR,BJP,,Post Graduate,"Rs 14,64,08,734","Rs 2,72,25,637, "
83,C Lalrosanga,MIZORAM,MNF,,Graduate,"Rs 13,12,01,374","Rs 0, "
84,Chandan Singh,NAWADA,LJP,2,Graduate,"Rs 17,67,20,167","Rs 47,22,200, "
85,Chandeshwar Prasad,JAHANABAD,JD(U),3,10th Pass,"Rs 13,92,71,693","Rs 0, "
86,Chandra Prakash,CHITTORGARH,BJP,,Graduate,"Rs 1,97,25,115","Rs 1,00,000, "
87,Chandra Prakash Choudhary,GIRIDIH,AJSU Party,2,Graduate,"Rs 1,34,56,889","Rs 13,30,000, "
88,Chandra Sekhar Sahu,BERHAMPUR,BJD,,10th Pass,"Rs 1,17,16,989","Rs 0, "
89,Chandrani Murmu,KEONJHAR,BJD,,Graduate Professional,"Rs 3,40,580","Rs 0, "
90,Chauhan Devusinh,KHEDA,BJP,,Others,"Rs 1,30,23,202","Rs 9,95,240, "
91,Chavda Vinod Lakhamshi,KACHCHH,BJP,,Post Graduate,"Rs 3,35,08,455","Rs 1,24,58,607, "
92,Chhatar Singh Darbar,DHAR,BJP,1,Post Graduate,"Rs 2,31,98,238","Rs 24,71,613, "
93,Chikhalikar Pratap Govindrao,NANDED,BJP,,12th Pass,"Rs 5,21,78,606","Rs 5,94,000, "
94,Chinraj A.K.P,NAMAKKAL,DMK,,Graduate,"Rs 48,52,05,173","Rs 1,86,42,484, "
95,Chinta Anuradha,AMALAPURAM,YSRCP,,Graduate,"Rs 8,59,93,362","Rs 24,31,407, "
96,Chirag Kumar Paswan,JAMUI,LJP,1,Graduate Professional,"Rs 1,84,66,066","Rs 0, "
97,Choudhary Mahbub Ali Kaisar,KHAGARIA,LJP,1,Graduate,"Rs 10,97,88,313","Rs 0, "
98,Choudhury Mohan Jatua,MATHURAPUR,AITC,,Post Graduate,"Rs 1,06,67,304","Rs 0, "
99,Chudasama Rajeshbhai Naranbhai,JUNAGADH,BJP,1,12th Pass,"Rs 1,08,66,041","Rs 14,81,768, "
100,Chunni Lal Sahu,MAHASAMUND,BJP,,Graduate,"Rs 1,75,91,683","Rs 13,83,014, "
101,Col. Rajyavardhan Rathore,JAIPUR RURAL,BJP,,Graduate,"Rs 12,78,08,070","Rs 0, "
102,Cosme Francisco Caitano Sardinha,SOUTH GOA,INC,,Graduate Professional,"Rs 7,94,02,232","Rs 0, "
103,D.K. Suresh,BANGALORE RURAL,INC,5,12th Pass,"Rs 3,38,89,20,717","Rs 51,93,20,305, "
104,D.V. Sadananda Gowda,BANGALORE NORTH,BJP,,Graduate Professional,"Rs 20,93,84,539","Rs 10,43,02,653, "
105,Dabhi Bharatsinhji Shankarji,PATAN,BJP,,Graduate,"Rs 4,73,73,221","Rs 56,13,860, "
106,Danve Raosaheb Dadarao,JALNA,BJP,2,Graduate,"Rs 22,95,57,992","Rs 24,00,000, "
107,Dayakar Pasnori,WARANGAL,TRS,,Graduate,"Rs 2,48,89,712","Rs 14,28,227, "
108,Dayanidhi Maran,CHENNAI CENTRAL,DMK,1,Graduate,"Rs 11,67,90,616","Rs 0, "
109,Dean Kuriakose,IDUKKI,INC,204,Post Graduate,"Rs 1,33,95,011","Rs 1,00,00,000, "
110,Debasree Chaudhuri,RAIGANJ,BJP,2,Post Graduate,"Rs 61,39,123","Rs 8,23,416, "
111,Deepak Adhikari,GHATAL,AITC,,Others,"Rs 31,73,20,579","Rs 78,79,681, "
112,Deepak Kumar Baij,BASTAR,INC,1,Post Graduate,"Rs 77,21,293","Rs 18,01,236, "
113,Delkar Mohanbhai Sanjibhai,DADRA AND NAGAR HAVELI,IND,,Graduate,"Rs 70,88,85,980","Rs 3,72,68,162, "
114,Devaji Patel,JALORE,BJP,,10th Pass,"Rs 8,83,32,292","Rs 6,09,36,530, "
115,Dhairyashil Sambhajirao Mane,HATKANANGLE,SHS,,Graduate,"Rs 4,77,71,462","Rs 4,15,99,959, "
116,Dhanorkar Suresh Narayan,CHANDRAPUR,INC,5,12th Pass,"Rs 13,74,55,342","Rs 2,27,52,880, "
117,Dhanush M Kumar,TENKASI,DMK,1,Post Graduate,"Rs 5,13,60,700","Rs 28,96,862, "
118,Dharambir Singh,BHIWANI MAHENDRAGARH,BJP,,Graduate,"Rs 6,06,42,205","Rs 2,40,000, "
119,Dharmapuri Arvind,NIZAMABAD,BJP,1,Post Graduate,"Rs 87,69,30,468","Rs 33,75,80,746, "
120,Dharmendra Kumar,AONLA,BJP,,10th Pass,"Rs 2,17,66,502","Rs 33,24,300, "
121,Dibyendu Adhikari,TAMLUK,AITC,1,Graduate,"Rs 3,76,87,867","Rs 83,97,501, "
122,Dileshwar Kamait,SUPAUL,JD(U),2,Graduate,"Rs 2,34,41,606","Rs 0, "
123,Dilip Kumar Ghosh,MEDINIPUR,BJP,14,10th Pass,"Rs 45,36,462","Rs 0, "
124,Dinesh Chandra Yadav,MADHEPURA,JD(U),1,Graduate Professional,"Rs 3,74,20,953","Rs 7,00,000, "
125,Diya Kumari,RAJSAMAND,BJP,,Others,"Rs 16,59,84,623","Rs 0, "
126,Dnv Senthilkumar.S,DHARMAPURI,DMK,1,Post Graduate,"Rs 4,84,77,451","Rs 60,53,502, "
127,Dr Rajkumar Ranjan Singh,INNER MANIPUR,BJP,,Doctorate,"Rs 1,96,16,174","Rs 0, "
128,Dr Ram Shankar Katheria,ETAWAH,BJP,12,Doctorate,"Rs 1,51,54,538","Rs 73,04,616, "
129,Dr Sanjeev Kumar,KURNOOL,YSRCP,,Post Graduate,"Rs 32,59,14,387","Rs 6,20,70,621, "
130,Dr. Alok Kumar Suman,GOPALGANJ,JD(U),,Post Graduate,"Rs 3,27,39,903","Rs 35,76,376, "
131,Dr. Chandra Sen Jadon,FIROZABAD,BJP,,Graduate Professional,"Rs 4,28,72,395","Rs 0, "
132,Dr. Dhal Singh Bisen,BALAGHAT,BJP,,Others,"Rs 8,86,48,133","Rs 15,30,693, "
133,Dr. Jitendra Singh,UDHAMPUR,BJP,,Post Graduate,"Rs 7,08,27,203","Rs 0, "
134,Dr. Kakoli Ghoshdastidar,BARASAT,AITC,2,Post Graduate,"Rs 4,05,31,018","Rs 14,96,059, "
135,Dr. Kalanidhi Veeraswamy,CHENNAI NORTH,DMK,,Post Graduate,"Rs 40,52,94,714","Rs 25,83,86,550, "
136,Dr. Mahendra Nath Pandey,CHANDAULI,BJP,,Doctorate,"Rs 3,33,59,734","Rs 0, "
137,Dr. Mahesh Sharma,GAUTAM BUDDHA NAGAR,BJP,,Graduate Professional,"Rs 47,87,59,568","Rs 4,38,63,749, "
138,Dr. Mohammad Jawed,KISHANGANJ,INC,1,Graduate Professional,"Rs 9,09,73,803","Rs 53,83,958, "
139,Dr. S T Hasan,MORADABAD,SP,,Post Graduate,"Rs 5,57,95,546","Rs 5,00,000, "
140,Dr. Sanjay Jaiswal,PASCHIM CHAMPARAN,BJP,5,Post Graduate,"Rs 19,94,04,885","Rs 6,73,70,030, "
141,Dr. Satyapal Singh,BAGHPAT,BJP,1,Post Graduate,"Rs 7,81,95,793","Rs 0, "
142,Dr. Shafiqur Rehman Barq,SAMBHAL,SP,,Graduate,"Rs 1,32,96,671","Rs 0, "
143,Dr. Shrikant Eknath Shinde,KALYAN,SHS,1,Post Graduate,"Rs 1,96,16,515","Rs 12,41,233, "
144,Dr. Solanki Kiritbhai,AHMEDABAD WEST,BJP,,Post Graduate,"Rs 8,94,74,039","Rs 0, "
145,Dr. Umesh G Jadhav,GULBARGA,BJP,,Post Graduate,"Rs 3,74,90,597","Rs 0, "
146,Dr.A.Chellakumar,KRISHNAGIRI,INC,5,Post Graduate,"Rs 12,10,87,979","Rs 6,68,17,959, "
147,Dr.Beesetti Venkata Satyavathi,ANAKAPALLE,YSRCP,,Graduate Professional,"Rs 9,15,26,244","Rs 1,11,39,279, "
148,Dr.Bharatiben Dhirubhai Shiyal,BHAVNAGAR,BJP,,Graduate Professional,"Rs 1,77,53,161","Rs 36,89,036, "
149,Dr.Gaddam Ranjith Reddy,CHEVELLA,TRS,,Post Graduate,"Rs 1,63,46,95,131","Rs 19,70,07,553, "
150,Dr.K.C.Patel,VALSAD,BJP,,Graduate Professional,"Rs 6,82,39,480","Rs 0, "
151,Dr.K.Jayakumar,TIRUVALLUR,INC,,Doctorate,"Rs 2,45,83,769","Rs 0, "
152,Dulal Chandra Goswami,KATIHAR,JD(U),1,Graduate,"Rs 1,33,02,734","Rs 31,30,766, "
153,Durga Das (D.D.) Uikey,BETUL,BJP,,Post Graduate,"Rs 1,54,13,532","Rs 8,75,803, "
154,Dushyant,JHALAWAR BARAN,BJP,,Post Graduate,"Rs 37,04,32,373","Rs 8,58,24,156, "
155,E T Mohammed Basheer,PONNANI,IUML,,10th Pass,"Rs 81,03,274","Rs 0, "
156,Faggan Singh Kulaste,MANDLA,BJP,,Post Graduate,"Rs 2,67,02,373","Rs 10,00,075, "
157,Farooq Abdullah,SRINAGAR,Jammu & Kashmir National Conference,1,Graduate Professional,"Rs 12,19,04,435","Rs 0, "
158,Feroze Varun Gandhi,PILIBHIT,BJP,,Post Graduate,"Rs 60,32,00,539","Rs 2,89,52,800, "
159,G M Siddeshwar,DAVANAGERE,BJP,,10th Pass,"Rs 38,01,64,932","Rs 1,46,70,809, "
160,G S Basavaraj,TUMKUR,BJP,,Graduate Professional,"Rs 51,07,79,150","Rs 11,38,44,867, "
161,Gaddigoudar Parvatagouda Chandanagouda,BAGALKOT,BJP,,Graduate Professional,"Rs 4,39,80,663","Rs 79,87,991, "
162,Gajanan Chandrakant Kirtikar,MUMBAI NORTH WEST,SHS,,Graduate,"Rs 10,53,92,000","Rs 40,32,000, "
163,Gajendra Singh Shekhawat,JODHPUR,BJP,1,Post Graduate,"Rs 13,80,29,511","Rs 5,85,73,744, "
164,Gajendra Umrao Singh Patel,KHARGONE,BJP,,Graduate Professional,"Rs 6,73,03,990","Rs 18,85,020, "
165,Ganesh Singh,SATNA,BJP,2,Post Graduate,"Rs 4,17,19,076","Rs 0, "
166,Ganeshamurthi A,ERODE,DMK,,Graduate,"Rs 4,31,10,000","Rs 20,60,000, "
167,Gangapuram Kishan Reddy,SECUNDERABAD,BJP,,Others,"Rs 8,14,30,778","Rs 45,00,000, "
168,Gaurav Gogoi,KALIABOR,INC,,Post Graduate,"Rs 1,37,27,834","Rs 12,50,000, "
169,Gautam Gambhir,EAST DELHI,BJP,1,12th Pass,"Rs 1,47,15,87,789","Rs 34,20,35,860, "
170,Gautham Sigamani Pon,KALLAKURICHI,DMK,1,Post Graduate,"Rs 47,11,86,830","Rs 8,11,31,909, "
171,Gavit Rajendra Dhedya,PALGHAR,SHS,,Graduate,"Rs 8,76,16,920","Rs 3,02,23,375, "
172,Geeta Kora,SINGHBHUM,INC,1,Post Graduate,"Rs 2,52,49,018","Rs 19,28,508, "
173,Giridhari Yadav,BANKA,JD(U),1,Post Graduate,"Rs 1,98,16,050","Rs 4,05,701, "
174,Giriraj Singh,BEGUSARAI,BJP,6,Graduate,"Rs 8,30,24,577","Rs 1,22,36,000, "
175,Girish Bhalchandra Bapat,PUNE,BJP,1,Graduate,"Rs 5,79,59,302","Rs 17,93,891, "
176,Girish Chandra,NAGINA,BSP,1,12th Pass,"Rs 2,86,59,644","Rs 90,62,600, "
177,Gnanathiraviam S,TIRUNELVELI,DMK,4,10th Pass,"Rs 23,27,59,237","Rs 4,61,49,049, "
178,Goddeti Madhavi,ARAKU,YSRCP,,Graduate Professional,"Rs 1,41,179","Rs 0, "
179,Gomati,RAIGARH,BJP,,12th Pass,"Rs 70,43,539","Rs 0, "
180,Gopal Chinnaya Shetty,MUMBAI NORTH,BJP,9,5th Pass,"Rs 15,75,35,232","Rs 2,11,36,135, "
181,Gopaljee Thakur,DARBHANGA,BJP,,Post Graduate,"Rs 1,93,01,808","Rs 10,39,660, "
182,Guharam Ajgalle,JANJGIR CHAMPA,BJP,,Graduate Professional,"Rs 1,84,00,837","Rs 0, "
183,Guman Singh Damor	,RATLAM,BJP,,Graduate Professional,"Rs 4,20,72,262","Rs 48,90,940, "
184,Gurjeet Singh Aujla,AMRITSAR,INC,,12th Pass,"Rs 3,40,11,739","Rs 90,31,565, "
185,Haji Fazlur Rehman,SAHARANPUR,BSP,,Graduate,"Rs 4,61,46,135","Rs 60,000, "
186,Hans Raj Hans,NORTH WEST DELHI,BJP,,10th Pass,"Rs 13,09,37,732","Rs 4,78,97,494, "
187,Hanuman Beniwal,NAGAUR,Rashtriya Loktantrik Party,,Graduate Professional,"Rs 42,18,568","Rs 0, "
188,Harish Chandra Alias Harish Dwivedi,BASTI,BJP,5,Post Graduate,"Rs 86,62,344","Rs 3,22,490, "
189,Harsh Vardhan,CHANDNI CHOWK,BJP,,Post Graduate,"Rs 3,01,71,897","Rs 0, "
190,Harsimrat Kaur Badal,BATHINDA,SAD,,10th Pass,"Rs 2,17,99,19,870","Rs 95,48,52,600, "
191,Hasnain Masoodi,ANANTNAG,Jammu & Kashmir National Conference,,Post Graduate,"Rs 8,76,20,672","Rs 0, "
192,Heena Vijaykumar Gavit,NANDURBAR,BJP,,Post Graduate,"Rs 27,16,34,532","Rs 1,52,91,251, "
193,Hema Malini Dharmendra Deol,MATHURA,BJP,,Doctorate,"Rs 2,50,82,70,292","Rs 13,12,88,062, "
194,Hemant Tukaram Godse,NASHIK,SHS,1,Others,"Rs 14,68,69,996","Rs 4,10,83,126, "
195,Hibi Eden,ERNAKULAM,INC,7,Graduate,"Rs 79,08,467","Rs 2,00,000, "
196,Himadri Singh,SHAHDOL,BJP,,Graduate,"Rs 3,65,64,408","Rs 17,36,289, "
197,Horen Sing Bey,AUTONOMOUS DISTRICT,BJP,2,Graduate,"Rs 2,06,93,570","Rs 59,56,209, "
198,Imtiaz Jaleel Syed,AURANGABAD,AIMIM,4,Post Graduate,"Rs 2,95,62,768","Rs 68,00,000, "
199,Indra Hang Subba,SIKKIM,Sikkim Krantikari Morcha,,Post Graduate,"Rs 4,78,817","Rs 0, "
200,Jadhav Sanjay (Bandu) Haribhau,PARBHANI,SHS,6,10th Pass,"Rs 4,10,40,011","Rs 45,19,583, "
201,Jagannath Sarkar,RANAGHAT,BJP,1,Graduate Professional,"Rs 1,76,22,476","Rs 0, "
202,Jagdambika Pal,DOMARIYAGANJ,BJP,3,Post Graduate,"Rs 10,33,66,710","Rs 28,38,478, "
203,Jai Prakash,HARDOI,BJP,,Graduate,"Rs 23,40,32,624","Rs 26,15,368, "
204,Janardan Prasad Mishra,REWA,BJP,,Graduate Professional,"Rs 2,03,59,750","Rs 5,80,627, "
205,Janardan Singh Sigriwal,MAHARAJGANJ,BJP,5,Graduate,"Rs 1,04,51,986","Rs 3,76,000, "
206,Jardosh Darshnaben Vikrambhai,SURAT,BJP,,Graduate,"Rs 2,38,72,876","Rs 0, "
207,Jasbir Singh Gill,KHADOOR SAHIB,INC,,Others,"Rs 8,13,93,500","Rs 46,55,000, "
208,Jaskaur Meena,DAUSA,BJP,,Post Graduate,"Rs 14,37,42,564","Rs 58,25,431, "
209,Jasvantsinh Sumanbhai Bhabhor,DAHOD,BJP,,Graduate Professional,"Rs 2,70,70,480","Rs 0, "
210,Jayadev Galla,GUNTUR,TDP,,Graduate,"Rs 3,05,14,85,242","Rs 20,34,52,417, "
211,Jayant Sinha,HAZARIBAGH,BJP,,Post Graduate,"Rs 77,07,49,002","Rs 19,32,71,437, "
212,Jayanta Kumar Roy,JALPAIGURI,BJP,,Graduate Professional,"Rs 1,16,25,047","Rs 13,52,581, "
213,Jigajinagi Ramesh Chandappa,BIJAPUR,BJP,,Graduate,"Rs 50,41,22,985","Rs 16,00,000, "
214,John Barla,ALIPURDUARS,BJP,9,8th Pass,"Rs 14,18,730","Rs 0, "
215,Jothimani S,KARUR,INC,,Post Graduate,"Rs 60,46,055","Rs 3,79,000, "
216,Jual Oram,SUNDARGARH,BJP,2,Others,"Rs 7,41,85,014","Rs 1,27,43,330, "
217,Jugal Kishore,JAMMU,BJP,,10th Pass,"Rs 5,64,81,801","Rs 35,00,40,219, "
218,Jyotirmay Singh Mahato,PURULIA,BJP,2,Graduate Professional,"Rs 22,50,540","Rs 4,56,100, "
219,Jyotsna Mahant,KORBA,INC,,Post Graduate,"Rs 15,06,39,697","Rs 0, "
220,K Shanmugasundaram,POLLACHI,DMK,,Graduate Professional,"Rs 13,31,09,284","Rs 1,33,60,639, "
221,K Sudhakaran,KANNUR,INC,3,Post Graduate,"Rs 2,96,99,206","Rs 74,68,633, "
222,K. Muraleedharan,VADAKARA,INC,3,Graduate,"Rs 11,43,79,340","Rs 0, "
223,K. Navaskani,RAMANATHAPURAM,IUML,1,12th Pass,"Rs 36,47,38,171","Rs 4,70,08,615, "
224,Kachhadiya Naranbhai Bhikhabhai,AMRELI,BJP,,12th Pass,"Rs 3,59,00,763","Rs 8,28,961, "
225,Kailash Choudhary,BARMER,BJP,2,Graduate,"Rs 24,02,250","Rs 0, "
226,Kalyan Banerjee,SREERAMPUR,AITC,,Graduate Professional,"Rs 17,59,68,902","Rs 55,22,403, "
227,Kamlesh Paswan,BANSGAON,BJP,5,Graduate,"Rs 17,17,06,883","Rs 60,49,264, "
228,Kanakmal Katara,BANSWARA,BJP,,Graduate Professional,"Rs 5,87,11,904","Rs 17,46,729, "
229,Kanimozhi Karunanidhi,THOOTHUKKUDI,DMK,6,Graduate Professional,"Rs 30,33,73,130","Rs 1,92,90,928, "
230,Kanumuru Raghu Rama Krishna Raju,NARSAPURAM,YSRCP,3,Post Graduate,"Rs 3,25,94,05,378","Rs 1,01,44,67,354, "
231,Kapil Moreshwar Patil,BHIWANDI,BJP,,Graduate,"Rs 41,88,50,781","Rs 56,45,459, "
232,Karadi Sanganna Amarappa,KOPPAL,BJP,1,10th Pass,"Rs 2,87,25,791","Rs 2,24,75,333, "
233,Karti P Chidambaram,SIVAGANGA,INC,8,Graduate Professional,"Rs 79,37,29,024","Rs 17,40,81,116, "
234,Kaushal Kishore,MOHANLALGANJ,BJP,1,Graduate,"Rs 5,55,30,561","Rs 0, "
235,Kaushlendra Kumar,NALANDA,JD(U),,12th Pass,"Rs 2,92,51,651","Rs 27,12,389, "
236,Kavita Singh,SIWAN,JD(U),4,Post Graduate,"Rs 1,93,25,264","Rs 4,12,511, "
237,Kavitha Malothu,MAHABUBABAD,TRS,1,Graduate,"Rs 1,97,31,269","Rs 12,52,068, "
238,Keshari Devi Patel,PHULPUR,BJP,2,Post Graduate,"Rs 17,27,07,104","Rs 65,05,194, "
239,Khadse Raksha Nikhil,RAVER,BJP,,Graduate,"Rs 17,27,13,734","Rs 0, "
240,Khagen Murmu,MALDAHA UTTAR,BJP,4,Graduate,"Rs 1,02,32,439","Rs 10,70,914, "
241,Khalilur Rahaman,JANGIPUR,AITC,,Graduate,"Rs 36,83,06,705","Rs 22,48,968, "
242,Kiren Rijiju,ARUNACHAL WEST,BJP,,Graduate Professional,"Rs 1,52,79,000","Rs 0, "
243,Kirron Kher,CHANDIGARH,BJP,,Post Graduate,"Rs 47,49,83,574","Rs 62,79,188, "
244,Kirti Vardhan Singh Alias Raja Bhaiya,GONDA,BJP,,Post Graduate,"Rs 23,27,35,285","Rs 2,32,01,603, "
245,Kishan Kapoor,KANGRA,BJP,2,12th Pass,"Rs 8,58,41,247","Rs 36,05,161, "
246,Kodikunnil Suresh,MAVELIKKARA,INC,1,Post Graduate,"Rs 1,29,65,129","Rs 9,82,819, "
247,Komatireddy Venakat Reddy,BHONGIR,INC,14,12th Pass,"Rs 16,25,43,845","Rs 2,40,69,129, "
248,Kotha Prabhakar Reddy,MEDAK,TRS,,Graduate,"Rs 1,26,65,81,773","Rs 26,82,66,203, "
249,Kripanath Mallah,KARIMGANJ,BJP,,Graduate,"Rs 18,71,040","Rs 0, "
250,Krishan Pal,FARIDABAD,BJP,,Graduate Professional,"Rs 36,96,52,786","Rs 10,55,93,242, "
251,Krishna Pal Singh,GUNA,BJP,,Graduate Professional,"Rs 1,62,66,408","Rs 4,94,053, "
252,Krupal Balaji Tumane,RAMTEK,SHS,,Graduate,"Rs 9,56,03,165","Rs 42,28,793, "
253,Kuldeep Rai Sharma,ANDAMAN AND NICOBAR ISLANDS,INC,,Graduate Professional,"Rs 13,22,33,012","Rs 8,04,50,870, "
254,Kunar Hembram,JHARGRAM,BJP,,Graduate Professional,"Rs 1,03,87,498","Rs 5,65,000, "
255,Kundaria Mohanbhai,RAJKOT,BJP,,8th Pass,"Rs 6,88,18,120","Rs 1,65,66,856, "
256,Kunhalikutty,MALAPPURAM,IUML,2,Graduate,"Rs 5,29,32,535","Rs 0, "
257,Kunwar Danish Ali,AMROHA,BSP,,Graduate,"Rs 7,49,20,879","Rs 1,95,79,691, "
258,Kunwar Pushpendra Singh,HAMIRPUR,BJP,4,Post Graduate,"Rs 16,71,59,924","Rs 3,55,02,582, "
259,Kuruva Gorantla Madhav,HINDUPUR,YSRCP,2,Graduate,"Rs 17,87,356","Rs 7,30,332, "
260,Lallu Singh,FAIZABAD,BJP,1,Post Graduate,"Rs 3,18,84,642","Rs 1,12,76,478, "
261,Lavu Sri Krishna Devarayalu,NARASARAOPET,YSRCP,,Graduate Professional,"Rs 17,77,10,073","Rs 1,01,42,413, "
262,Locket Chatterjee,HOOGHLY,BJP,14,Graduate,"Rs 3,56,55,698","Rs 0, "
263,Lorho S. Pfoze,OUTER MANIPUR,NPF,,Graduate Professional,"Rs 1,37,09,352","Rs 0, "
264,M V V Satyanarayana,VISAKHAPATNAM,YSRCP,1,10th Pass,"Rs 2,02,39,05,124","Rs 16,00,30,959, "
265,M.K.Raghavan,KOZHIKODE,INC,1,Graduate,"Rs 1,25,02,009","Rs 31,74,805, "
266,Magunta Sreenivasulu Reddy,ONGOLE,YSRCP,,Graduate,"Rs 26,65,83,686","Rs 9,13,02,133, "
267,Mahabali Singh,KARAKAT,JD(U),3,8th Pass,"Rs 4,34,42,051","Rs 30,00,000, "
268,Mahant Balak Nath,ALWAR,BJP,,10th Pass,"Rs 3,52,929","Rs 0, "
269,Mahendra Singh Solanky,DEWAS,BJP,,Graduate Professional,"Rs 38,12,464","Rs 18,32,631, "
270,Mahendrabhai Munjpara,SURENDRANAGAR,BJP,,Post Graduate,"Rs 7,90,84,513","Rs 1,48,22,528, "
271,Mahesh Sahoo,DHENKANAL,BJD,1,12th Pass,"Rs 1,45,29,286","Rs 0, "
272,Mahua Moitra,KRISHNANAGAR,AITC,,Graduate,"Rs 2,64,95,250","Rs 6,71,138, "
273,Mala Rajya Laxmi Shah,TEHRI GARHWAL,BJP,,12th Pass,"Rs 1,84,66,40,100","Rs 1,35,00,00,000, "
274,Mala Roy,KOLKATA DAKSHIN,AITC,3,Graduate,"Rs 1,03,08,401","Rs 0, "
275,Malook Nagar,BIJNOR,BSP,7,Graduate,"Rs 2,49,96,28,021","Rs 1,01,61,48,176, "
276,Maneka Sanjay Gandhi,SULTANPUR,BJP,,12th Pass,"Rs 55,69,26,451","Rs 1,19,35,800, "
277,Manish Tewari,ANANDPUR SAHIB,INC,,Graduate Professional,"Rs 15,46,37,860","Rs 0, "
278,Manjulata Mandal,BHADRAK,BJD,,Graduate,"Rs 3,94,17,891","Rs 89,58,149, "
279,Manne Srinivas Reddy,MAHBUBNAGAR,TRS,,12th Pass,"Rs 6,33,53,123","Rs 45,69,251, "
280,Manoj Kishorbhai Kotak,MUMBAI NORTH EAST,BJP,2,10th Pass,"Rs 5,46,61,944","Rs 20,48,000, "
281,Manoj Rajoria,KARAULI DHOLPUR,BJP,,Post Graduate,"Rs 6,48,67,148","Rs 2,21,21,569, "
282,Manoj Tiwari,NORTH EAST DELHI,BJP,3,Post Graduate,"Rs 24,28,17,031","Rs 1,36,18,755, "
283,Mansukhbhai Vasava,BHARUCH,BJP,,Post Graduate,"Rs 68,35,957","Rs 0, "
284,Margani Bharat Ram,RAJAHMUNDRY,YSRCP,2,Graduate,"Rs 45,82,05,360","Rs 1,78,14,757, "
285,Meenakashi Lekhi,NEW DELHI,BJP,,Graduate Professional,"Rs 36,14,41,689","Rs 79,38,378, "
286,Mimi Chakraborty,JADAVPUR,AITC,,Graduate,"Rs 2,43,98,786","Rs 19,00,788, "
287,Miteshbhai Patel,ANAND,BJP,2,Others,"Rs 7,70,43,053","Rs 78,10,840, "
288,Mohammad Akbar Lone,BARAMULLA,Jammu & Kashmir National Conference,,Graduate Professional,"Rs 59,74,34,000","Rs 1,04,935, "
289,Mohammad Azam Khan,RAMPUR,SP,10,Graduate Professional,"Rs 4,61,24,814","Rs 0, "
290,Mohammad Sadique,FARIDKOT,INC,,5th Pass,"Rs 1,97,93,884","Rs 3,11,043, "
291,Mohammed Faizal Pp,LAKSHADWEEP,NCP,2,Post Graduate,"Rs 9,38,641","Rs 0, "
292,Mohan Mandavi,KANKER,BJP,,Post Graduate,"Rs 2,86,75,553","Rs 6,79,000, "
293,Mukesh Rajput,FARRUKHABAD,BJP,,Graduate,"Rs 7,49,64,501","Rs 3,88,246, "
294,Mulayam Singh Yadav,MAINPURI,SP,1,Post Graduate,"Rs 20,56,04,593","Rs 2,20,55,657, "
295,N. Reddeppa,CHITTOOR,YSRCP,,Post Graduate,"Rs 1,73,55,862","Rs 13,41,542, "
296,Naba Kumar Sarania,KOKRAJHAR,IND,5,12th Pass,"Rs 1,30,13,994","Rs 1,75,069, "
297,Nakul Nath,CHHINDWARA,INC,,Graduate,"Rs 6,60,19,46,757","Rs 87,91,712, "
298,Nalamada Uttam Kumar Reddy,NALGONDA,INC,4,Graduate,"Rs 3,15,01,349","Rs 12,00,000, "
299,Nalin Kumar Kateel,DAKSHINA KANNADA,BJP,4,10th Pass,"Rs 1,46,78,300","Rs 44,50,945, "
300,Nama Nageswr Rao,KHAMMAM,TRS,5,12th Pass,"Rs 1,07,46,71,341","Rs 8,07,21,594, "
301,Nandkumar Singh Chouhan (Nandu Bhaiya),KHANDWA,BJP,,Post Graduate,"Rs 1,90,76,515","Rs 48,19,099, "
302,Narendra Kumar,JHUNJHUNU,BJP,1,Graduate,"Rs 4,74,74,109","Rs 32,78,401, "
303,Narendra Modi,VARANASI,BJP,,Post Graduate,"Rs 2,51,36,119","Rs 0, "
304,Narendra Singh Tomar,MORENA,BJP,1,Graduate,"Rs 2,30,62,224","Rs 66,89,767, "
305,Navneet Ravi Rana,AMRAVATI,IND,1,10th Pass,"Rs 12,45,54,656","Rs 7,05,76,979, "
306,Nayab Singh,KURUKSHETRA,BJP,,Graduate Professional,"Rs 3,57,85,621","Rs 57,20,000, "
307,Nihal Chand,GANGANAGAR,BJP,,Graduate,"Rs 2,10,14,362","Rs 36,31,287, "
308,Nishikant Dubey,GODDA,BJP,4,Doctorate,"Rs 46,27,57,500","Rs 0, "
309,Nitesh Ganga Deb,SAMBALPUR,BJP,1,12th Pass,"Rs 26,95,43,587","Rs 1,03,37,195, "
310,Nitin Jairam Gadkari,NAGPUR,BJP,4,Graduate Professional,"Rs 18,79,16,075","Rs 4,07,29,055, "
311,Nityanand Rai,UJIARPUR,BJP,3,Graduate,"Rs 18,70,07,570","Rs 3,57,561, "
312,Nusrat Jahan Ruhi,BASIRHAT,AITC,,12th Pass,"Rs 2,90,88,391","Rs 1,68,81,608, "
313,Om Birla,KOTA,BJP,1,Post Graduate,"Rs 4,83,47,737","Rs 0, "
314,Omprakash Bhupalsinh Alias Pavan Rajenimbalkar,OSMANABAD,SHS,4,12th Pass,"Rs 5,02,99,295","Rs 1,00,45,858, "
315,P R Natarajan,COIMBATORE,CPI(M),1,12th Pass,"Rs 2,02,84,430","Rs 32,34,168, "
316,P. C. Mohan,BANGALORE CENTRAL,BJP,,12th Pass,"Rs 75,55,29,306","Rs 31,25,21,957, "
317,P. P. Chaudhary,PALI,BJP,,Graduate Professional,"Rs 38,51,11,923","Rs 72,78,041, "
318,P. Raveendranath Kumar,THENI,AIADMK,,Post Graduate,"Rs 6,58,03,231","Rs 3,27,34,079, "
319,P.V.Midhun Reddy,RAJAMPET,YSRCP,3,Post Graduate,"Rs 66,50,85,701","Rs 20,54,73,477, "
320,Paarivendhar T R,PERAMBALUR,DMK,2,Post Graduate,"Rs 97,27,30,368","Rs 6,59,35,070, "
321,Pakauri Lal,ROBERTSGANJ,Apna Dal (Soneylal),,Literate,"Rs 2,30,48,078","Rs 6,84,133, "
322,Palanimanickam.S.S,THANJAVUR,DMK,,Graduate Professional,"Rs 4,24,52,076","Rs 23,68,600, "
323,Pallab Lochan Das,TEZPUR,BJP,,Graduate,"Rs 1,44,45,139","Rs 0, "
324,Pankaj Choudhary,MAHARAJGANJ,BJP,5,12th Pass,"Rs 37,18,27,109","Rs 44,83,048, "
325,Parbatbhai Patel,BANASKANTHA,BJP,,Graduate Professional,"Rs 4,18,19,177","Rs 45,00,000, "
326,Parbhubhai Nagarbhai Vasava	,BARDOLI,BJP,,Others,"Rs 2,83,50,217","Rs 36,76,869, "
327,Parthiban.S.R,SALEM,DMK,4,Graduate Professional,"Rs 6,00,45,532","Rs 40,39,841, "
328,Parvesh Sahib Singh,WEST DELHI,BJP,,Post Graduate,"Rs 15,51,95,014","Rs 4,00,97,329, "
329,Pashupati Kumar Paras,HAJIPUR,LJP,1,Graduate Professional,"Rs 6,28,34,200","Rs 67,44,375, "
330,Pashupati Nath Singh,DHANBAD,BJP,,Graduate,"Rs 2,72,86,918","Rs 0, "
331,Patel Hasmukhbhai Somabhai,AHMEDABAD EAST,BJP,,Others,"Rs 7,46,99,690","Rs 62,52,577, "
332,Patel Lalubhai Babubhai,DAMAN AND DIU,BJP,,8th Pass,"Rs 21,39,93,750","Rs 99,69,514, "
333,Patil Chandrakant,NAVSARI,BJP,1,10th Pass,"Rs 44,60,44,269","Rs 5,68,46,658, "
334,Patil Hemant Shriram,HINGOLI,SHS,,Graduate,"Rs 1,85,94,458","Rs 12,99,983, "
335,Pinaki Misra,PURI,BJD,,Graduate Professional,"Rs 1,17,47,01,344","Rs 2,19,32,742, "
336,Pocha Brahmananda Reddy,NANDYAL,YSRCP,1,Post Graduate,"Rs 58,59,32,911","Rs 17,70,35,582, "
337,Poonam Vajendla Rao,MUMBAI NORTH CENTRAL,BJP,2,Others,"Rs 2,22,42,513","Rs 0, "
338,Poonamben Hematbhai Maadam,JAMNAGAR,BJP,,Graduate,"Rs 42,73,31,034","Rs 9,86,32,194, "
339,Pothuganti Ramulu,NAGARKURNOOL,TRS,,Graduate,"Rs 1,07,78,684","Rs 0, "
340,Pradan Baruah,LAKHIMPUR,BJP,,12th Pass,"Rs 1,43,07,978","Rs 58,39,285, "
341,Pradeep Kumar,KAIRANA,BJP,5,Post Graduate,"Rs 1,72,92,937","Rs 13,00,000, "
342,Pradeep Kumar Singh,ARARIA,BJP,3,10th Pass,"Rs 50,10,577","Rs 11,59,200, "
343,Pradyut Bordoloi,NAWGONG,INC,,Post Graduate,"Rs 7,41,43,272","Rs 40,11,152, "
344,Prahalad Singh Patel,DAMOH,BJP,,Graduate Professional,"Rs 4,32,92,483","Rs 42,30,614, "
345,Prajwal R,HASSAN,JD(S),,Graduate Professional,"Rs 9,78,48,632","Rs 3,72,53,210, "
346,Pralhad Joshi,DHARWAD,BJP,1,Graduate,"Rs 11,13,84,447","Rs 5,17,36,254, "
347,Pramila Bisoyi,ASKA,BJD,,5th Pass,"Rs 7,32,470","Rs 0, "
348,Prasun Banerjee,HOWRAH,AITC,1,Graduate,"Rs 1,32,16,066","Rs 0, "
349,Pratap Chandra Sarangi,BALASORE,BJP,7,Graduate,"Rs 13,46,236","Rs 160, "
350,Prataprao Ganpatrao Jadhav,BULDHANA,SHS,3,12th Pass,"Rs 11,62,72,966","Rs 7,35,482, "
351,Prathap Simha,MYSORE,BJP,3,Post Graduate,"Rs 1,87,23,762","Rs 65,86,698, "
352,Pratima Bhoumik,TRIPURA WEST,BJP,,Graduate,"Rs 6,42,398","Rs 0, "
353,Pratima Mondal,JAYNAGAR,AITC,,Post Graduate,"Rs 2,74,71,675","Rs 0, "
354,Praveen Kumar Nishad,SANT KABIR NAGAR,BJP,,Graduate Professional,"Rs 43,00,614","Rs 23,26,248, "
355,Premachandran N K,KOLLAM,Revolutionary Socialist Party,5,Graduate Professional,"Rs 1,75,00,650","Rs 32,70,587, "
356,Preneet Kaur,PATIALA,INC,,Graduate,"Rs 63,59,73,757","Rs 4,24,53,369, "
357,Pritam Gopinathrao Munde,BEED,BJP,1,Post Graduate,"Rs 16,74,77,926","Rs 9,88,33,794, "
358,Queen Oja,GAUHATI,BJP,,Graduate,"Rs 63,02,19,570","Rs 3,40,34,178, "
359,R. K. Singh,ARRAH,BJP,1,Graduate Professional,"Rs 7,99,71,720","Rs 0, "
360,R.K. Singh Patel,BANDA,BJP,2,Graduate,"Rs 5,57,94,086","Rs 0, "
361,Radha Mohan Singh,PURVI CHAMPARAN,BJP,1,Graduate,"Rs 3,37,91,375","Rs 11,46,627, "
362,Rahul Gandhi,WAYANAD,INC,5,Post Graduate,"Rs 15,88,77,063","Rs 72,01,904, "
363,Rahul Kaswan,CHURU,BJP,,Graduate,"Rs 3,67,23,865","Rs 1,51,63,379, "
364,Rahul Ramesh Shewale,MUMBAI SOUTH CENTRAL,SHS,,Others,"Rs 1,88,81,363","Rs 77,78,954, "
365,Raja Amareshwara Naik,RAICHUR,BJP,,Graduate Professional,"Rs 3,06,38,375","Rs 6,78,532, "
366,Rajan Baburao Vichare,THANE,SHS,9,12th Pass,"Rs 18,14,41,465","Rs 5,40,80,733, "
367,Rajashree Mallick,JAGATSINGHPUR,BJD,,Graduate Professional,"Rs 4,00,23,972","Rs 14,33,305, "
368,Rajbahadur Singh,SAGAR,BJP,1,Post Graduate,"Rs 1,64,16,828","Rs 5,47,428, "
369,Rajdeep Roy,SILCHAR,BJP,,Post Graduate,"Rs 2,99,01,767","Rs 69,76,701, "
370,Rajendra Agarwal,MEERUT,BJP,3,Post Graduate,"Rs 1,34,89,377","Rs 19,90,094, "
371,Rajesh Verma,SITAPUR,BJP,1,Post Graduate,"Rs 7,31,29,716","Rs 1,08,148, "
372,Rajiv Pratap Rudy,SARAN,BJP,,Post Graduate,"Rs 8,07,40,349","Rs 0, "
373,Rajiv Ranjan Singh,MUNGER,JD(U),1,Graduate,"Rs 8,83,24,866","Rs 75,34,918, "
374,Rajkumar Chahar,FATEHPUR SIKRI,BJP,3,Graduate,"Rs 1,48,54,247","Rs 3,56,404, "
375,Rajmohan Unnithan,KASARAGOD,INC,1,Graduate,"Rs 2,15,70,257","Rs 8,62,257, "
376,Rajnath Singh,LUCKNOW,BJP,,Post Graduate,"Rs 5,14,92,709","Rs 0, "
377,Raju Bista,DARJEELING,BJP,,Graduate,"Rs 15,11,06,062","Rs 2,74,28,941, "
378,Rajveer Singh,ETAH,BJP,,Graduate Professional,"Rs 38,36,29,735","Rs 10,02,20,000, "
379,Rajvir Diler,HATHRAS,BJP,,12th Pass,"Rs 1,49,30,000","Rs 0, "
380,Rakesh Singh,JABALPUR,BJP,1,Graduate,"Rs 4,31,34,351","Rs 13,87,000, "
381,Ram Charan Bohra,JAIPUR,BJP,,12th Pass,"Rs 16,53,22,707","Rs 2,20,00,000, "
382,Ram Kripal Yadav,PATALIPUTRA,BJP,,Graduate,"Rs 2,92,13,467","Rs 17,17,310, "
383,Ram Shiromani,SHRAWASTI,BSP,,Graduate Professional,"Rs 1,91,08,216","Rs 3,50,000, "
384,Ram Swaroop Sharma,MANDI,BJP,,10th Pass,"Rs 1,57,24,337","Rs 7,83,963, "
385,Rama Devi,SHEOHAR,BJP,1,Graduate Professional,"Rs 32,83,64,940","Rs 0, "
386,Ramakant Bhargava,VIDISHA,BJP,,12th Pass,"Rs 3,00,32,282","Rs 33,32,012, "
387,Ramalingam S,MAYILADUTHURAI,DMK,,Graduate,"Rs 1,33,55,095","Rs 2,15,000, "
388,Ramapati Ram Tripathi,DEORIA,BJP,1,Graduate Professional,"Rs 2,94,51,678","Rs 93,10,684, "
389,Ramchandra Paswan,SAMASTIPUR,LJP,5,10th Pass,"Rs 1,73,75,975","Rs 9,99,057, "
390,Ramdas Chandrabhanji Tadas,WARDHA,BJP,,10th Pass,"Rs 6,58,07,822","Rs 89,61,387, "
391,Ramesh Bidhuri,SOUTH DELHI,BJP,2,Graduate Professional,"Rs 18,00,52,708","Rs 20,38,454, "
392,Ramesh Chand,BHADOHI,BJP,6,10th Pass,"Rs 9,40,89,148","Rs 2,16,96,413, "
393,Ramesh Chander Kaushik,SONIPAT,BJP,,Graduate Professional,"Rs 23,58,59,266","Rs 0, "
394,Ramesh Chandra Majhi,NABARANGPUR,BJD,,Graduate,"Rs 81,00,600","Rs 7,71,000, "
395,Ramesh Pokhriyal Nishank,HARIDWAR,BJP,,Doctorate,"Rs 2,87,39,888","Rs 16,444, "
396,Rameshbhai Dhaduk,PORBANDAR,BJP,,10th Pass,"Rs 35,75,64,783","Rs 21,79,44,697, "
397,Rameswar Teli,DIBRUGARH,BJP,,10th Pass,"Rs 43,70,067","Rs 0, "
398,Rammohannaidu Kinjarapu,SRIKAKULAM,TDP,1,Post Graduate,"Rs 12,27,91,042","Rs 1,20,00,000, "
399,Ramprit Mandal,JHANJHARPUR,JD(U),1,10th Pass,"Rs 8,81,19,686","Rs 10,00,000, "
400,Ramya P M,ALATHUR,INC,3,10th Pass,"Rs 11,52,816","Rs 0, "
401,Ranjanben Bhatt,VADODARA,BJP,,12th Pass,"Rs 2,94,26,428","Rs 0, "
402,Ranjeeta Kumari,BHARATPUR,BJP,,8th Pass,"Rs 31,17,190","Rs 0, "
403,Ranjeetsinha Hindurao Naik Nimbalkar,MADHA,BJP,2,12th Pass,"Rs 1,27,51,60,578","Rs 89,63,15,287, "
404,Rao Inderjit Singh,GURGAON,BJP,,Graduate Professional,"Rs 42,09,70,754","Rs 3,15,00,000, "
405,Rao Uday Pratap Singh,HOSHANGABAD,BJP,1,Graduate,"Rs 15,47,83,105","Rs 91,03,300, "
406,Ratansinh Rathod,PANCHMAHAL,BJP,,Graduate Professional,"Rs 1,02,60,663","Rs 10,81,611, "
407,Rathod Dipsinh Shankarsinh,SABARKANTHA,BJP,,8th Pass,"Rs 2,39,97,443","Rs 0, "
408,Rathva Gitaben Vajesingbhai,CHHOTA UDAIPUR,BJP,,12th Pass,"Rs 86,34,660","Rs 0, "
409,Rattan Lal Kataria,AMBALA,BJP,,Post Graduate,"Rs 5,43,61,499","Rs 1,88,861, "
410,Ravi Shankar Prasad,PATNA SAHIB,BJP,,Post Graduate,"Rs 23,52,75,591","Rs 0, "
411,Ravikumar D,VILUPPURAM,DMK,,Doctorate,"Rs 65,09,860","Rs 13,69,031, "
412,Ravinder,SALEMPUR,BJP,,12th Pass,"Rs 2,70,31,724","Rs 2,49,400, "
413,Ravindra Shyamnarayan Shukla Alias Ravi Kishan,GORAKHPUR,BJP,,12th Pass,"Rs 20,84,94,688","Rs 1,77,11,043, "
414,Ravneet Singh Bittu,LUDHIANA,INC,3,12th Pass,"Rs 5,42,81,096","Rs 33,31,266, "
415,Rebati Tripura,TRIPURA EAST,BJP,,Post Graduate,"Rs 19,48,315","Rs 0, "
416,Rekha Verma,DHAURAHRA,BJP,3,12th Pass,"Rs 2,47,35,488","Rs 70,95,916, "
417,Renuka Singh Saruta,SURGUJA,BJP,,12th Pass,"Rs 2,76,82,493","Rs 32,51,275, "
418,Rita Bahuguna Joshi,ALLAHABAD,BJP,6,Doctorate,"Rs 2,69,19,330","Rs 16,00,000, "
419,Ritesh Pandey,AMBEDKAR NAGAR,BSP,1,Graduate,"Rs 30,72,65,103","Rs 2,47,39,098, "
420,Riti Pathak,SIDHI,BJP,,Post Graduate,"Rs 5,15,41,791","Rs 5,05,922, "
421,Rodmal Nagar,RAJGARH,BJP,,Graduate,"Rs 4,01,98,295","Rs 39,21,362, "
422,S. Jagathrakshakan,ARAKKONAM,DMK,2,10th Pass,"Rs 1,14,69,84,897","Rs 16,63,65,972, "
423,S. Muniswamy,KOLAR,BJP,2,12th Pass,"Rs 17,45,57,500","Rs 1,98,65,690, "
424,Sadashiv Kisan Lokhande,SHIRDI,SHS,1,10th Pass,"Rs 11,37,10,526","Rs 2,05,100, "
425,Sadhvi Niranjan Jyoti,FATEHPUR,BJP,,12th Pass,"Rs 1,06,67,372","Rs 9,10,148, "
426,Sadhvi Pragya Singh Thakur,BHOPAL,BJP,1,Post Graduate,"Rs 4,44,224","Rs 0, "
427,Sajda Ahmed,ULUBERIA,AITC,,Graduate,"Rs 2,83,51,569","Rs 53,22,615, "
428,Sandhya Ray,BHIND,BJP,,Post Graduate,"Rs 5,11,08,660","Rs 1,34,00,000, "
429,Sangam Lal Gupta,PRATAPGARH,BJP,2,8th Pass,"Rs 24,87,89,514","Rs 88,95,225, "
430,Sangeeta Azad,LALGANJ,BSP,,Graduate Professional,"Rs 8,84,51,770","Rs 0, "
431,Sangh Mitra Maurya,BADAUN,BJP,2,Graduate Professional,"Rs 4,03,72,093","Rs 0, "
432,Sanjay Bhatia,KARNAL,BJP,,Graduate,"Rs 22,56,739","Rs 5,00,000, "
433,Sanjay Sadashivrao Mandlik,KOLHAPUR,SHS,,Post Graduate,"Rs 9,51,71,892","Rs 1,05,80,414, "
434,Sanjay Seth,RANCHI,BJP,,Graduate Professional,"Rs 1,40,44,267","Rs 1,00,000, "
435,Sanjay Shamrao Dhotre,AKOLA,BJP,1,Graduate Professional,"Rs 7,71,53,230","Rs 1,49,85,774, "
436,Sanjaykaka Patil,SANGLI,BJP,1,10th Pass,"Rs 19,11,92,187","Rs 2,33,45,328, "
437,Sanjeev Kumar Balyan,MUZAFFARNAGAR,BJP,1,Doctorate,"Rs 1,57,81,189","Rs 23,73,645, "
438,Santokh Singh Chaudhary,JALANDHAR,INC,,Graduate Professional,"Rs 9,99,25,185","Rs 25,34,363, "
439,Santosh Kumar,PURNIA,JD(U),1,12th Pass,"Rs 4,10,36,294","Rs 25,00,000, "
440,Santosh Kumar Gangwar,BAREILLY,BJP,,Graduate Professional,"Rs 12,63,56,142","Rs 1,30,55,209, "
441,Santosh Pandey,RAJNANDGAON,BJP,,Graduate Professional,"Rs 2,48,61,970","Rs 15,19,820, "
442,Saptagiri Sankar Ulaka,KORAPUT,INC,,Graduate Professional,"Rs 3,75,87,560","Rs 12,17,963, "
443,Sarmistha Sethi,JAJPUR,BJD,,Post Graduate,"Rs 1,58,37,082","Rs 0, "
444,Satabdi Roy (Banerjee),BIRBHUM,AITC,,Graduate,"Rs 4,86,52,722","Rs 1,86,04,443, "
445,Satish Kumar Gautam,ALIGARH,BJP,,10th Pass,"Rs 10,95,22,559","Rs 2,80,95,176, "
446,Satyadev Pachauri,KANPUR,BJP,,Post Graduate,"Rs 13,23,82,819","Rs 3,10,52,190, "
447,Satyapal Singh Baghel,AGRA,BJP,5,Doctorate,"Rs 7,42,74,036","Rs 86,06,522, "
448,Saumitra Khan,BISHNUPUR,BJP,6,12th Pass,"Rs 86,56,777","Rs 10,77,120, "
449,Selvam.G,KANCHEEPURAM,DMK,,Post Graduate,"Rs 4,81,72,936","Rs 0, "
450,Selvaraj M,NAGAPATTINAM,CPI,,12th Pass,"Rs 45,72,837","Rs 12,51,381, "
451,Shankar Lalwani,INDORE,BJP,2,Graduate Professional,"Rs 5,90,38,508","Rs 21,06,382, "
452,Shantanu Thakur,BANGAON,BJP,8,Graduate,"Rs 52,65,388","Rs 0, "
453,Shardaben Anilbhai Patel,MAHESANA,BJP,,12th Pass,"Rs 44,03,08,300","Rs 74,77,793, "
454,Shashi Tharoor,THIRUVANANTHAPURAM,INC,2,Doctorate,"Rs 35,00,22,585","Rs 0, "
455,Shobha Karandlaje,UDUPI CHIKMAGALUR,BJP,3,Post Graduate,"Rs 10,48,72,668","Rs 4,99,36,840, "
456,Shri Dilip Saikia,MANGALDOI,BJP,,Graduate,"Rs 62,06,286","Rs 0, "
457,Shri. Sha. Bra. Dr. Jay Siddeshwar Shivachrya Mahaswamiji,SOLAPUR,BJP,,Graduate,"Rs 2,78,70,079","Rs 0, "
458,Shripad Yesso Naik,NORTH GOA,BJP,,Graduate,"Rs 6,57,95,623","Rs 14,91,387, "
459,Shrirang Chandu Barne,MAVAL,SHS,3,8th Pass,"Rs 1,02,33,10,134","Rs 4,16,612, "
460,Shyam Singh Yadav,JAUNPUR,BSP,,Post Graduate,"Rs 14,07,17,620","Rs 35,77,000, "
461,Sisir Kumar Adhikari,KANTHI,AITC,3,12th Pass,"Rs 3,39,79,650","Rs 0, "
462,Smriti Irani,AMETHI,BJP,,12th Pass,"Rs 11,10,99,609","Rs 0, "
463,Smt. Sangeeta Kumari Singh Deo,BOLANGIR,BJP,,Graduate,"Rs 37,95,90,851","Rs 75,00,000, "
464,Som Parkash,HOSHIARPUR,BJP,,Post Graduate,"Rs 2,94,04,519","Rs 0, "
465,Sonia Gandhi,RAE BARELI,INC,1,Others,"Rs 11,82,63,916","Rs 0, "
466,Sougata Ray,DUM DUM,AITC,1,Post Graduate,"Rs 4,25,18,790","Rs 0, "
467,Sri Nisith Pramanik,COOCH BEHAR,BJP,11,8th Pass,"Rs 96,29,810","Rs 0, "
468,Sridhar Kotagiri	,ELURU,YSRCP,,Graduate,"Rs 46,28,08,829","Rs 3,35,60,974, "
469,Srinivas Kesineni,VIJAYAWADA,TDP,,10th Pass,"Rs 80,81,52,415","Rs 51,23,32,955, "
470,Subbarayan.K,TIRUPPUR,CPI,,10th Pass,"Rs 80,35,576","Rs 5,00,000, "
471,Subhas Kumar Sarkar,BANKURA,BJP,1,Graduate Professional,"Rs 1,97,99,440","Rs 32,61,495, "
472,Subhash Chandra Baheria,BHILWARA,BJP,,Graduate,"Rs 23,27,03,276","Rs 18,27,380, "
473,Subhash Ramrao Bhamre,DHULE,BJP,2,Post Graduate,"Rs 15,86,51,112","Rs 10,00,000, "
474,Subrat Pathak,KANNAUJ,BJP,11,Graduate,"Rs 5,42,87,991","Rs 2,89,93,930, "
475,Sudarshan Bhagat,LOHARDAGA,BJP,,Graduate,"Rs 1,29,47,303","Rs 5,25,000, "
476,Sudhakar Tukaram Shrangare,LATUR,BJP,,10th Pass,"Rs 28,64,78,302","Rs 10,02,50,602, "
477,Sudheer Gupta,MANDSOUR,BJP,1,Post Graduate,"Rs 9,09,08,944","Rs 7,99,283, "
478,Sujay Radhakrishna Vikhe,AHMEDNAGAR,BJP,,Doctorate,"Rs 16,86,64,576","Rs 26,23,964, "
479,Sukanta Majumdar,BALURGHAT,BJP,,Doctorate,"Rs 58,25,866","Rs 21,68,170, "
480,Sukhbir Singh Badal,FIROZPUR,SAD,4,Post Graduate,"Rs 2,17,99,19,870","Rs 95,48,52,600, "
481,Sukhbir Singh Jaunapuria,TONK SAWAI MADHOPUR,BJP,,12th Pass,"Rs 1,23,38,02,420","Rs 0, "
482,Sumalatha W/O Darshan K.,MANDYA,IND,,Post Graduate,"Rs 28,23,601","Rs 0, "
483,Sumathy Alias Thamizhachi Thangapandian,CHENNAI SOUTH,DMK,,Doctorate,"Rs 9,17,93,460","Rs 5,00,000, "
484,Sumedhanand Saraswati,SIKAR,BJP,,Post Graduate,"Rs 28,27,638","Rs 27,19,583, "
485,Sunil Baburao Mendhe,BHANDARA GONDIYA,BJP,2,Others,"Rs 62,75,43,615","Rs 1,98,61,338, "
486,Sunil Kumar,SITAMARHI,JD(U),6,Graduate,"Rs 6,07,17,031","Rs 1,02,77,790, "
487,Sunil Kumar Mondal,BARDHAMAN PURBA,AITC,,Graduate Professional,"Rs 2,03,71,283","Rs 1,48,598, "
488,Sunil Kumar Singh,CHATRA,BJP,,Post Graduate,"Rs 22,62,09,137","Rs 18,89,051, "
489,Sunil Kumar Soni,RAIPUR,BJP,,Graduate,"Rs 4,60,68,126","Rs 24,82,214, "
490,Sunil Soren,DUMKA,BJP,,12th Pass,"Rs 47,37,559","Rs 6,85,516, "
491,Sunita Duggal,SIRSA,BJP,,Post Graduate,"Rs 4,25,96,349","Rs 25,00,000, "
492,Supriya Sadanand Sule,BARAMATI,NCP,,Graduate,"Rs 1,40,88,88,704","Rs 55,00,000, "
493,Surendrajeet Singh Ahluwalia,BARDHAMAN DURGAPUR,BJP,,Graduate Professional,"Rs 2,65,21,750","Rs 7,44,076, "
494,Suresh Babu Nandigam,BAPATLA,YSRCP,,8th Pass,"Rs 41,58,610","Rs 2,69,000, "
495,Suresh Kumar Kashyap,SHIMLA,BJP,,Post Graduate,"Rs 1,57,05,738","Rs 78,73,806, "
496,Suresh Pujari,BARGARH,BJP,,Post Graduate,"Rs 1,16,73,429","Rs 0, "
497,Sushil Kumar Singh,AURANGABAD,BJP,3,Post Graduate,"Rs 16,78,95,109","Rs 37,46,607, "
498,Swami Sachchidanand Hari Sakshi,UNNAO,BJP,4,Doctorate,"Rs 4,08,86,941","Rs 6,99,025, "
499,T. N. Prathapan,THRISSUR,INC,7,12th Pass,"Rs 86,09,349","Rs 29,78,120, "
500,T. R. V .S. Ramesh,CUDDALORE,DMK,,Graduate Professional,"Rs 42,33,78,552","Rs 10,28,28,604, "
501,Talari Rangaiah,ANANTAPUR,YSRCP,2,Doctorate,"Rs 1,17,73,091","Rs 11,35,547, "
502,Tapir Gao,ARUNACHAL EAST,BJP,,Post Graduate,"Rs 13,66,28,259","Rs 0, "
503,Tatkare Sunil Dattatray,RAIGAD,NCP,,Others,"Rs 12,74,87,277","Rs 32,21,073, "
504,Tejasvi Surya,BANGALORE SOUTH,BJP,,Graduate Professional,"Rs 13,46,593","Rs 0, "
505,Thirumaavalavan Thol,CHIDAMBARAM,Viduthalai Chiruthaigal Katchi,3,Doctorate,"Rs 92,44,092","Rs 3,94,248, "
506,Thirunavukkarasar. Su,TIRUCHIRAPPALLI,INC,,Post Graduate,"Rs 3,21,82,184","Rs 40,208, "
507,Thomas Chazhikadan,KOTTAYAM,Kerala Congress (M),,Graduate Professional,"Rs 2,60,27,478","Rs 4,95,778, "
508,Tirath Singh Rawat,GARHWAL,BJP,,Post Graduate,"Rs 1,50,32,657","Rs 35,00,000, "
509,Tokheho Yepthomi,NAGALAND,Nationalist Democratic Progressive Party,,Graduate,"Rs 12,81,17,474","Rs 1,86,00,000, "
510,Topon Kumar Gogoi,JORHAT,BJP,,Post Graduate,"Rs 1,25,97,461","Rs 4,55,398, "
511,Tsering Namgyal,LADAKH,BJP,1,Graduate,"Rs 9,81,904","Rs 0, "
512,Udasi. S.C.,HAVERI,BJP,,12th Pass,"Rs 71,84,99,195","Rs 16,55,66,495, "
513,Unmesh Bhaiyyasaheb Patil,JALGAON,BJP,1,Graduate Professional,"Rs 1,23,24,604","Rs 25,29,954, "
514,Upendra Singh Rawat,BARABANKI,BJP,1,Post Graduate,"Rs 1,80,50,127","Rs 31,71,774, "
515,V K Sreekandan,PALAKKAD,INC,7,Graduate,"Rs 63,56,399","Rs 27,09,000, "
516,V Srinivas Prasad,CHAMARAJANAGAR,BJP,,Post Graduate,"Rs 14,38,04,441","Rs 3,24,909, "
517,V. Vaithilingam,PUDUCHERRY,INC,,Graduate,"Rs 10,80,15,548","Rs 5,20,989, "
518,Vanga Geetha Viswanatham,KAKINADA,YSRCP,,Post Graduate,"Rs 20,25,28,594","Rs 3,44,16,887, "
519,Vasanthakumar H,KANNIYAKUMARI,INC,,Post Graduate,"Rs 4,17,49,30,444","Rs 1,54,75,11,439, "
520,Veena Devi,VAISHALI,LJP,2,10th Pass,"Rs 33,72,84,632","Rs 11,20,89,220, "
521,Velusamy P,DINDIGUL,DMK,,Illiterate,"Rs 14,80,76,407","Rs 3,14,74,526, "
522,Venkatesan S,MADURAI,CPI(M),,12th Pass,"Rs 18,11,456","Rs 0, "
523,Venkatesh Netha Borlakunta,PEDDAPALLE,TRS,,Doctorate,"Rs 1,65,97,300","Rs 0, "
524,Vijay Baghel,DURG,BJP,,Graduate,"Rs 3,44,29,027","Rs 87,48,686, "
525,Vijay Kumar,GAYA,JD(U),3,12th Pass,"Rs 1,27,66,141","Rs 31,48,932, "
526,Vijay Kumar Dubey,KUSHI NAGAR,BJP,2,12th Pass,"Rs 2,18,60,780","Rs 3,16,847, "
527,Vijay Kumar Hansdak,RAJMAHAL,JMM,,10th Pass,"Rs 1,29,19,555","Rs 27,43,560, "
528,Vijay Kumar Singh,GHAZIABAD,BJP,2,Doctorate,"Rs 5,65,45,702","Rs 0, "
529,Vinayak Bhaurao Raut,RATNAGIRI SINDHUDURG,SHS,3,Post Graduate,"Rs 5,06,60,534","Rs 28,30,000, "
530,Vincent H. Pala,SHILLONG,INC,,Graduate Professional,"Rs 54,95,15,421","Rs 0, "
531,Vinod Kumar Sonkar,KAUSHAMBI,BJP,4,Graduate,"Rs 5,93,36,113","Rs 2,07,30,086, "
532,Virendra Kumar,TIKAMGARH,BJP,,Doctorate,"Rs 2,15,03,766","Rs 19,74,216, "
533,Virendra Singh,BALLIA,BJP,2,Graduate,"Rs 2,44,98,319","Rs 0, "
534,Vishnu Datt Sharma,KHAJURAHO,BJP,,Post Graduate,"Rs 1,05,89,334","Rs 25,07,176, "
535,Vishnu Dayal Ram,PALAMU,BJP,,Graduate,"Rs 3,22,73,873","Rs 90,922, "
536,Vishnuprasad. M.K,ARANI,INC,1,Graduate Professional,"Rs 23,45,64,815","Rs 3,34,09,505, "
537,Vivek Narayan Shejwalkar,GWALIOR,BJP,,Graduate Professional,"Rs 5,89,11,673","Rs 0, "
538,Y. Devendrappa,BELLARY,BJP,,5th Pass,"Rs 4,01,07,878","Rs 2,50,000, "
539,Yeduguri Sandinti Avinash Reddy,KADAPA,YSRCP,4,Post Graduate,"Rs 18,69,69,794","Rs 2,28,33,319, "
